Selected_Features,accuracy,weighted_accuracy,accuracy_home,accuracy_draw,accuracy_away,macro_avg_recall,micro_avg_recall,weighted_recall,recall_home,recall_draw,recall_away,macro_avg_precision,micro_avg_precision,weighted_precision,precision_home,precision_draw,precision_away,macro_avg_f_mesure,micro_avg_f_mesure,weighted_f_mesure,f_mesure_home,f_mesure_draw,f_mesure_away,log_loss,loss_home,loss_draw,loss_away,mse,mse_home,mse_draw,mse_away,classwise_ECE,ECE_home,ECE_draw,ECE_away
elo_away_before,0.436429215509468,0.5941856163319865,0.436429215509468,0.7359783588818756,0.7004508566275925,0.3333333333333333,0.436429215509468,0.436429215509468,1.0,0.0,0.0,0.14547640516982266,0.436429215509468,0.19096319074772278,0.436429215509468,0.0,0.0,0.20244127824880992,0.5587596217226212,0.26553459627250614,0.6073238347464298,0.0,0.0,1.0748183559742266,0.3399331245788818,0.3586585907800953,0.37622664061524935,0.2167799090656754,0.24624178094063956,0.1943406265987504,0.20975731965763625,0.017353632693604,0.022239645636338134,0.01149402280460286,0.01832722963987101
elo_home_before,0.4952209197475203,0.646793795497288,0.56429215509468,0.7359783588818756,0.6901713255184851,0.42336340135864636,0.4952209197475203,0.49522091974752025,0.8249082950528427,0.0,0.4451819090230965,0.3263114812620014,0.4952209197475203,0.3627719540786981,0.49965695464479987,0.0,0.47927748914120416,0.36081039377724206,0.6582819427229609,0.41085368282318846,0.6221983208994817,0.0,0.46023286043224443,1.029611320663376,0.3471124121230112,0.35964664187293893,0.32285226666742584,0.2060923090610045,0.23159910189614896,0.19411956454567408,0.19255826074119053,0.023569264573350634,0.025897825977710898,0.012917463698311833,0.03189250404402917
glicko2_vol_away_before,0.5150586113615869,0.6619710362222035,0.5868349864743012,0.7359783588818756,0.7073038773669973,0.4442334899707589,0.5150586113615869,0.5150586113615869,0.8383981379817407,0.0,0.4943023319305361,0.3412026544124577,0.5150586113615869,0.3786637343134997,0.5161707493554808,0.0,0.5074372138818922,0.3796323634751864,0.6938230680379169,0.42987729450406376,0.6387804088575093,0.0,0.50011668156805,0.9878430367932445,0.30039388544970935,0.36315868203483187,0.3242904693087033,0.19652699330978027,0.2151041006724185,0.19230262070561846,0.1821742585513039,0.02786144340911114,0.03430770818290006,0.019041701861238082,0.03023492018319528
away_overall,0.5146979260595131,0.6628999065763272,0.5956717763751127,0.7357980162308386,0.697926059513075,0.44685261503868867,0.5146979260595131,0.5146979260595131,0.8167504684141289,0.0006578947368421052,0.5231494819650949,0.3603734712409782,0.5146979260595131,0.39509548773512315,0.5234243429921788,0.06666666666666667,0.4910294040640891,0.3814707802761169,0.6931747760001798,0.4314163028490741,0.6376896125834071,0.0013029315960912053,0.5054197966488523,0.9862247756311404,0.31471048073336194,0.3552457081118633,0.3162685867859153,0.1961408421370494,0.21439882389100676,0.19220134299290775,0.18182235952723372,0.024428418230951005,0.025859066071135278,0.019160468162056635,0.028265720459661102
home_overall,0.5201082055906221,0.6666436834132733,0.599639314697926,0.7361587015329125,0.7044183949504058,0.4518552230024981,0.5201082055906221,0.5201082055906221,0.8240743805118154,0.0006578947368421052,0.5308333937588371,0.40960469904382535,0.5201082055906221,0.4361859341812392,0.5260899939364478,0.2,0.5027241031950281,0.3862464399382701,0.7029644255782488,0.4361808584711569,0.6419901373878221,0.0013114754098360654,0.5154377070171521,0.9849313515778,0.3119897992551866,0.3552243858350627,0.3177171664875507,0.19589701700573633,0.21417300757012114,0.19220773040873812,0.1813103130383497,0.028564976403038615,0.03283495996235522,0.023315799906654177,0.029544169340106452
away_build_up_speed_Slow,0.5226330027051398,0.6677672067460185,0.5965734896302975,0.7357980162308386,0.7128944995491434,0.45234163090952373,0.5226330027051398,0.5226330027051398,0.8386541400270303,0.0,0.5183707527015409,0.3466287672874364,0.5226330027051398,0.384368547090979,0.5234302053186763,0.0,0.5164560965436329,0.3870262272467061,0.7076561514664905,0.4373174944598017,0.6443882686148543,0.0,0.5166904131252639,0.9826462201006807,0.3038734441319651,0.35672676686160226,0.32204600910711345,0.19532572672812576,0.2132306371208376,0.19205296829022755,0.18069357477331216,0.026003221317308124,0.028270247939031202,0.02135974266692737,0.028379673345965795
away_starting_xi_average_age,0.5231740306582507,0.6686193217067343,0.6021641118124437,0.7356176735798016,0.7085662759242561,0.45356248155640844,0.5231740306582507,0.5231740306582507,0.8299858369173846,0.0006578947368421052,0.5300437130149989,0.362079655652766,0.5231740306582507,0.39731335699539494,0.528019890341251,0.05,0.5082190766170471,0.3881616890684786,0.7086715797751675,0.43852224455694067,0.6452374438820627,0.0012987012987012987,0.5179489220246717,0.9816951475360811,0.31023279895926237,0.3555995683787706,0.31586278019804825,0.19511169392584973,0.2128531148486827,0.1920179731759935,0.180463993752873,0.02499904712700863,0.025523232792278867,0.020897868768950705,0.02857603981979632
home_league_INT,0.5233543733092876,0.6689848855295756,0.6045085662759242,0.7357980162308386,0.7064021641118124,0.4542274588682436,0.5233543733092876,0.5233543733092876,0.8279190543460906,0.0006578947368421052,0.5341054275217981,0.3672562069976759,0.5233543733092876,0.40171194936101673,0.529937210700874,0.06666666666666667,0.5051647436254871,0.3885366972289367,0.7090354942713339,0.43885062363848704,0.6460086046757411,0.0013029315960912053,0.5182985554149777,0.9808832877833906,0.31041839254383213,0.35552179909596626,0.31494309614359217,0.19495222104813262,0.2128474098321599,0.19190625627074148,0.18010299704149652,0.025349928823694662,0.027782168420625565,0.023165266515320693,0.025102351535137728
avg_home_team_goals_season_to_date_before_match,0.5240757439134355,0.6697439833609918,0.6075743913435527,0.7356176735798016,0.7049594229035168,0.4556478995531384,0.5240757439134355,0.5240757439134355,0.8211890662593196,0.0006578947368421052,0.5450967376632535,0.3616902878537859,0.5240757439134355,0.39744650264317016,0.5328087474043494,0.05,0.5022621161570084,0.3896399362773321,0.710347086821095,0.4399310424051036,0.6459986983507731,0.0012987012987012987,0.5216224091825221,0.9803191154640638,0.31323393885152406,0.3559896727370367,0.31109550387550305,0.1948119370379761,0.21258094617706771,0.19189805943418098,0.17995680550267962,0.024879257902341266,0.024794970219573765,0.02365175909257679,0.026191044394873242
home_build_up_positioning_Organised,0.5237150586113616,0.6696373063735435,0.6084761045987375,0.7354373309287647,0.703516681695221,0.4554848237580103,0.5237150586113616,0.5237150586113616,0.8195170231108488,0.0,0.5469374481631819,0.34456825926000956,0.5237150586113616,0.3834274777442291,0.5336522762403446,0.0,0.500052501539684,0.38910527728592853,0.7096820434646678,0.43947964751464685,0.6460903184746222,0.0,0.5212255133831635,0.979807498160894,0.3134606232760623,0.35554253152059656,0.310804343364235,0.19469823127397282,0.21234694877559904,0.19172908262588456,0.18001866242043485,0.02414236319697156,0.023524386236616682,0.0227831738245224,0.026119529529775608
home_build_up_speed_Fast,0.5224526600541027,0.6687921839592611,0.6072137060414788,0.7350766456266907,0.702614968440036,0.4542338752167218,0.5224526600541027,0.5224526600541028,0.8187869564874163,0.0,0.5439146691627492,0.34363014368404915,0.5224526600541027,0.3825579462502158,0.5326194560602001,0.0,0.4982709749919472,0.3880350459109921,0.7073830249294848,0.43844224784675817,0.6451289892886208,0.0,0.5189761484443552,0.9795533242641618,0.31489387964811855,0.35419449856537844,0.31046494605066477,0.19463586952857298,0.21224318590512298,0.19161936171250424,0.1800450609680917,0.024300695537631995,0.024009883043538384,0.021858458786335667,0.027033744783021934
away_defence_pressure_High,0.5229936880072137,0.6692494639725306,0.6081154192966636,0.7348963029756538,0.7029756537421099,0.4548199899089817,0.5229936880072137,0.5229936880072137,0.8187869564874163,0.0,0.5456730132395291,0.3440092244802366,0.5229936880072137,0.3830011438771705,0.533323780029604,0.0,0.4987038934111057,0.38855211861832173,0.7083842254814632,0.43898727424559303,0.6456531632747298,0.0,0.5200031925802355,0.979236134125018,0.3151641186208973,0.3536154282354252,0.31045658726869557,0.1945750869768467,0.2121455733143267,0.19151766579816334,0.18006202181805,0.024100529784043034,0.02311790678328058,0.02181571060433054,0.027367971964517977
away_defence_defender_line_Offside trap,0.5229936880072137,0.6693249184270673,0.6088367899008116,0.7348963029756538,0.7022542831379621,0.4547267566136487,0.5229936880072137,0.5229936880072137,0.8191806572748177,0.0,0.5449996125661284,0.3438189255897178,0.5229936880072137,0.382887583026828,0.5339048682503135,0.0,0.4975519085188399,0.38840321332613525,0.7083842254814632,0.43892557225176565,0.6461885408103081,0.0,0.5190210991680976,0.9790431174092357,0.31525658779651333,0.35336697210432444,0.31041955750839795,0.19453312004413628,0.2121261546448113,0.1914484976990486,0.180024707788549,0.02334774802107068,0.022574780479436417,0.019685902425558517,0.027782561158217117
home_league_ITA-Serie A,0.5226330027051397,0.6690770895720806,0.6086564472497746,0.7345356176735798,0.7020739404869252,0.4543710561267146,0.5226330027051397,0.5226330027051397,0.8187869564874163,0.0,0.5443262118927277,0.3436731963179829,0.5226330027051397,0.3827345779812371,0.5338225215668031,0.0,0.4971970673871454,0.38816197594407686,0.7077441617636684,0.4386836566121812,0.6460020989400894,0.0,0.5184838288921411,0.9790106300053244,0.31547215058604416,0.3532383772218449,0.3103001021974355,0.19452541569441362,0.21213538939150936,0.19144587442610467,0.17999498326562677,0.023333555013724753,0.0221465720157097,0.020378296592092983,0.027475796433371575
glicko2_rd_home_before,0.5231740306582506,0.6694288309194141,0.6086564472497746,0.7347159603246167,0.70297565374211,0.45493384941069187,0.5231740306582506,0.5231740306582506,0.8191609100249216,0.0,0.545640638207154,0.34409981480490964,0.5231740306582506,0.3831342127613345,0.5337385618602628,0.0,0.498560882554466,0.38866066371218116,0.7087224772799017,0.43914886226630906,0.6460859073426606,0.0,0.5198960837938829,0.9789015636961311,0.3151537567387125,0.3531512394925362,0.3105965674648825,0.19449001408901698,0.21205056736374056,0.19139788883725273,0.1800215860660578,0.023582318417399915,0.023353063236584856,0.020824604165909973,0.026569287849704915
home_chance_creation_shooting_Normal,0.5233543733092876,0.6695451023310385,0.6088367899008116,0.7347159603246167,0.7031559963931471,0.455099572013852,0.5233543733092876,0.5233543733092876,0.8196580778344019,0.0,0.545640638207154,0.3442366716790082,0.5233543733092876,0.3832748873223619,0.5339186501667337,0.0,0.49879136487029063,0.3888122004424951,0.7090737737488266,0.439305858334395,0.6463773313983167,0.0,0.5200592699291687,0.978779085688922,0.3150841208545995,0.3529141254386585,0.3107808393956641,0.19446567892045158,0.21204307351052903,0.1913513068568887,0.18000265639393692,0.023673094600899138,0.02231397465094241,0.021436976829860774,0.027268332321894233
away_build_up_passing_Mixed,0.5233543733092876,0.6695112779203842,0.6086564472497745,0.7348963029756538,0.7031559963931471,0.4551429366856029,0.5233543733092876,0.5233543733092876,0.819212643535961,0.0006578947368421052,0.5455582717840055,0.35371503557798967,0.5233543733092876,0.3910417954382338,0.5337993019366367,0.02857142857142857,0.49877437622590365,0.389128030516935,0.709063145951836,0.43953694435475654,0.6461473337598672,0.0012861736334405145,0.5199505841574972,0.97861958645219,0.3152778425451577,0.35249969831952244,0.31084204558750994,0.19444234602952282,0.21206052167973882,0.19131576701878578,0.1799507493900438,0.02284277197987441,0.021309266771393904,0.020271584535118396,0.02694746463311092
away_team_goals_season_to_date_before_match,0.5237150586113616,0.6699706719593197,0.6100991884580702,0.7347159603246167,0.702614968440036,0.4554745894731562,0.5237150586113616,0.5237150586113616,0.8200928604430977,0.0006578947368421052,0.5456730132395291,0.3525822762169347,0.5237150586113616,0.3903045039487337,0.5348322764578304,0.025,0.49791455219297376,0.3893846056344388,0.7097154569066493,0.43991678793884204,0.6472077280152118,0.0012820512820512818,0.5196640376060533,0.9785243770226927,0.31508724216263706,0.3527103456625298,0.31072678919752594,0.19442155901891398,0.21203048897415977,0.19127856722158484,0.1799556208609973,0.023132391660090228,0.021318735786616926,0.02015210195393969,0.02792633723971406
home_chance_creation_passing_Risky,0.5247971145175834,0.6707608297062887,0.611361587015329,0.7347159603246167,0.703516681695221,0.45692561605820015,0.5247971145175834,0.5247971145175834,0.819221357235481,0.0013157894736842105,0.5502397014654352,0.35861135691423074,0.5247971145175834,0.3953841871654168,0.5357818017265676,0.04,0.5000522690161244,0.39105733191932895,0.7116516196802923,0.44135896588312623,0.6476518897679057,0.0025477707006369425,0.5229723352894441,0.9784089501536393,0.3148194647340904,0.35437333494452705,0.3092161504750218,0.19440216776974667,0.2120715379390604,0.19124372982856272,0.17989123554161696,0.02288533881640946,0.022555896220862882,0.020437719071751695,0.0256624011566138
away_chance_creation_positioning_Organised,0.5253381424706942,0.6710150006382731,0.6110009017132552,0.7348963029756538,0.7047790802524798,0.45744249634076456,0.5253381424706942,0.5253381424706942,0.8200277423389185,0.0013157894736842105,0.5509839572096908,0.3607309020296356,0.5253381424706942,0.3970858231082037,0.5354130581054573,0.04444444444444444,0.5023352035390051,0.39161997449738134,0.7126283751286941,0.44182377952128826,0.6476476641195859,0.0025559105431309905,0.5246563488294271,0.9782883806056958,0.3149472956541782,0.3541987811940918,0.30914230375742574,0.19438365782786785,0.21205190300257853,0.19123289799655355,0.17986617248447148,0.023025777512956775,0.022552371932160566,0.020054046979690283,0.026470913627019477
away_defence_pressure_Medium,0.5249774571686203,0.6706061805979603,0.6097385031559963,0.7352569882777278,0.7049594229035167,0.4571534306911532,0.5249774571686203,0.5249774571686203,0.8191659602743359,0.001973684210526316,0.5503206475885977,0.3705788262931492,0.5249774571686203,0.40503069829349714,0.5344658483036892,0.075,0.5022706305757584,0.3915721926112604,0.7119848278228311,0.44163243556038845,0.6466801096491727,0.0038461538461538455,0.5241903143384546,0.9781052782309969,0.31473059152621075,0.35413207694147436,0.30924260976331164,0.19436609532308463,0.21202481485941588,0.19126220854813747,0.17981126256170057,0.023198473704366278,0.022372305438905327,0.019911292405094906,0.02731182326909859
away_defence_domestic_prestige,0.5246167718665464,0.6704251874774876,0.6108205590622182,0.7350766456266907,0.7033363390441838,0.45700713305660956,0.5246167718665464,0.5246167718665464,0.8170137636628866,0.002631578947368421,0.5513760565595739,0.36950933069713077,0.5246167718665464,0.40411714464190646,0.5355038297000864,0.07272727272727272,0.5002968896640331,0.3917480731966929,0.7113102455439948,0.44170862916748,0.646719799718796,0.005079365079365079,0.5234450547919176,0.9780780209922826,0.3152493536669511,0.3539621763174625,0.3088664910078689,0.19435579126064598,0.21202413049237281,0.19125225615795044,0.1797909871316147,0.023465664674357976,0.021525152330373505,0.022639610660689168,0.02623223103201126
away_chance_creation_shooting_Lots,0.5251577998196574,0.6707024500744381,0.6106402164111813,0.7354373309287647,0.7042380522993689,0.4570155760981301,0.5251577998196574,0.5251577998196574,0.8203028660512212,0.002631578947368421,0.5481122832958006,0.3698317913827557,0.5251577998196574,0.40437842089207654,0.53529546642304,0.07272727272727272,0.5014726349979541,0.39172856687234786,0.7123405156558404,0.4418448540007742,0.647579925283351,0.005079365079365079,0.5225264102543274,0.9780138865411947,0.312384689569136,0.3567961898479714,0.3088330071240873,0.19434026140348434,0.2119345595448257,0.1912841136406081,0.17980211102501928,0.024830143841180593,0.024293436712714542,0.02355219772252278,0.026644797088304455
home_defence_defender_line_Offside trap,0.5251577998196574,0.6707531866904196,0.6108205590622182,0.7357980162308385,0.7036970243462579,0.45719536629484486,0.5251577998196574,0.5251577998196574,0.8194569552560841,0.002631578947368421,0.549497564681082,0.37872862813249986,0.5251577998196574,0.41171875668589164,0.5353722440505911,0.1,0.5008136403469085,0.3918379491549777,0.7123002157286626,0.441907174466031,0.6473893553453449,0.005128205128205127,0.5229962869913831,0.9778878171287044,0.3124374570700233,0.35691313827299587,0.3085372217856852,0.19431904328146093,0.21192675882685702,0.19127098631366418,0.17975938470386166,0.024864737224665652,0.024675409664471425,0.024106494750820905,0.02581230725870463
away_defence_team_width_Wide,0.5253381424706942,0.6708250635630602,0.6104598737601442,0.7356176735798016,0.7045987376014428,0.4572189934468532,0.5253381424706942,0.5253381424706942,0.8206965668386228,0.002631578947368421,0.5483288345545683,0.3790729885010668,0.5253381424706942,0.4119811226583255,0.5350006605823395,0.1,0.5022183049208607,0.39195056410808726,0.7126314914088756,0.4420254499188213,0.6475145891631563,0.005128205128205127,0.5232088980329002,0.9778470489503924,0.3124301114097672,0.3567850207403759,0.30863191680024926,0.19430919487467632,0.21192618446153316,0.1912398176663606,0.17976158249613525,0.025270164975097913,0.02497028436692833,0.02408551158045005,0.026754698977915364
home_defence_pressure_Medium,0.5242560865644725,0.6701297117363387,0.6099188458070334,0.7354373309287647,0.703155996393147,0.45601953221268854,0.5242560865644725,0.5242560865644725,0.819371297493676,0.002631578947368421,0.5460557201970212,0.374385249535775,0.5242560865644725,0.4080522929495716,0.5346718474028096,0.08888888888888888,0.4995950123156264,0.3908171085107266,0.7106445626907584,0.4410153691635547,0.6468107647253444,0.005111821086261981,0.5205287397205736,0.9780864367389739,0.3124088855291339,0.3569721767800166,0.30870537442982343,0.19435592180555972,0.21197879474567277,0.19129968237315423,0.17978928829785223,0.02493601183997505,0.024874590929508996,0.024274912889561868,0.025658531700854283
home_build_up_speed_Slow,0.5237150586113616,0.6696600728037916,0.6090171325518485,0.7347159603246167,0.7036970243462578,0.4557469115949693,0.5237150586113616,0.5237150586113616,0.8178139217431097,0.003947368421052632,0.5454794446207456,0.37164221746330384,0.5237150586113616,0.40567513357285,0.5341056598346187,0.08,0.5008209925552928,0.39143321489061955,0.7096689896513597,0.4413368787693358,0.6459251882409779,0.007523510971786834,0.520850945459094,0.9780203565444007,0.3123181378658429,0.3567991295240324,0.3089030891545253,0.19434541247269368,0.21201237996984781,0.19124393951238236,0.17977991793585088,0.024898099565376055,0.02538981662188843,0.024004270838947617,0.02530021123529212
away_defence_aggression_Press,0.5238954012623985,0.6698334229083952,0.6093778178539224,0.7343552750225429,0.7040577096483318,0.45583727889401915,0.5238954012623985,0.5238954012623985,0.8191289212589419,0.003947368421052632,0.5444355470020629,0.3686861445171911,0.5238954012623985,0.4033031864662807,0.5342998644076316,0.07058823529411765,0.5011703338498241,0.3915363303913452,0.7100245885352224,0.441491154199061,0.6465090378576761,0.007476635514018691,0.520623317802341,0.9780192893568451,0.3121258893322607,0.3570618929028861,0.3088315071216982,0.19434313807079565,0.212002232339158,0.19124012029166723,0.1797870615815617,0.02501379755684748,0.026069650012331635,0.024141849092252136,0.024829893565958657
trueskill_home_before,0.5237150586113616,0.6697908171603595,0.6097385031559964,0.7339945897204689,0.7036970243462578,0.4556682738832397,0.5237150586113616,0.5237150586113616,0.8187028523497663,0.003947368421052632,0.5443546008789004,0.366152162281278,0.5237150586113616,0.4012566011632259,0.5345954622077097,0.06315789473684211,0.5007031298992823,0.3914384738305505,0.7096933128550096,0.4414296207856105,0.6465878612641541,0.007430340557275541,0.5202972196702219,0.9779989509320602,0.3126121182477332,0.3564715486420319,0.30891528404229507,0.19434063443329302,0.21200164436721547,0.19123231337169128,0.17978794556097227,0.02467761503385946,0.0245996866172581,0.022993593841722837,0.026439564642597446
away_build_up_positioning_Organised,0.5217312894499548,0.6685170353879766,0.6084761045987375,0.7332732191163209,0.7017132551848513,0.45380102218083185,0.5217312894499548,0.5217312894499548,0.8164437352916412,0.0033260233918128656,0.5416333078590416,0.3900226060309585,0.5217312894499548,0.4193755013612444,0.5337914575917633,0.13999999999999999,0.4962763605011121,0.38946526642910817,0.706177742312377,0.43959401965204226,0.6453207839253715,0.006317581949765857,0.5167574334121874,0.9780389965420359,0.3131711418721622,0.35657742354907507,0.3082904311207986,0.19434156882621365,0.21204131426860506,0.19121992336063715,0.1797634688493987,0.024794172289241738,0.024097637618866942,0.024438816616460086,0.025846062632398192
away_defence,0.5219116321009919,0.6686531461173887,0.6086564472497746,0.7332732191163209,0.7018935978358882,0.4540182854244109,0.5219116321009919,0.5219116321009919,0.8164437352916412,0.00398391812865497,0.5416272028529365,0.39196246613208297,0.5219116321009919,0.4209966383896117,0.5339067415098587,0.14545454545454545,0.4965261114318446,0.3899363392544996,0.7064998135223067,0.44000157793523675,0.6454112406340843,0.00751427966998096,0.5168834974594336,0.9780429263183278,0.3131578196223024,0.3565479961098489,0.3083371105861764,0.19433853476165122,0.21203335987116803,0.19122203793928522,0.1797602064745003,0.024499551191851036,0.02461837585773163,0.02331492572625315,0.02556535199156833
home_attack,0.5229936880072137,0.6690213118179726,0.6068530207394048,0.7336339044183949,0.7055004508566276,0.4549073230158774,0.5229936880072137,0.5229936880072137,0.820013224172038,0.003947368421052632,0.5407613764545414,0.36496845940781186,0.5229936880072137,0.4001301504070801,0.532486570613307,0.06,0.5024188076101288,0.3908174627039165,0.7084752020072316,0.44073080100457035,0.6454677832957264,0.007407407407407407,0.5195771974086155,0.9780969535101984,0.31216710445311335,0.35622524190188537,0.3097046071551998,0.1943367409552683,0.21194782149474448,0.1912216769628242,0.1798407244082362,0.024144350991078475,0.024100670032985237,0.02416538719509015,0.02416699574516005
home_defence_domestic_prestige,0.5231740306582506,0.6691120523042473,0.6068530207394048,0.7343552750225429,0.7051397655545536,0.45496464587632135,0.5231740306582506,0.5231740306582506,0.8207990696172468,0.004641812865497076,0.5394530551462201,0.400296144344923,0.5231740306582506,0.42772720951816934,0.5324433683835844,0.16666666666666666,0.5017783979845183,0.39101947338718857,0.7087772517001714,0.4409100724464565,0.645661582874848,0.00883272649389591,0.5185641107928216,0.9780025456325399,0.31184716265925755,0.35606240658919314,0.3100929763840893,0.1943134355520314,0.21191056162338398,0.19115651946251028,0.17987322557019997,0.02380829207316685,0.022714370270827827,0.025196152062814548,0.023514353885858184
away_attack,0.5228133453561767,0.6689450442766414,0.6066726780883679,0.7345356176735798,0.7044183949504056,0.4552024039743462,0.5228133453561767,0.5228133453561767,0.817650640091834,0.005308479532163743,0.5426480922990409,0.4067374995968772,0.5228133453561767,0.4333960571563373,0.5324117518537758,0.18725490196078431,0.5005458449760717,0.3915054096023267,0.7081145882088219,0.4411814788148595,0.6447027927270013,0.010166995434438296,0.5196464406455406,0.9779893630279523,0.3128114449857634,0.3554026694317142,0.3097752486104746,0.19430586364359037,0.21192795907840617,0.1910775602872435,0.17991207156512143,0.024527698847853587,0.02426377197807353,0.025500849828704042,0.023818474736783175
away_league_INT,0.5237150586113616,0.6695507939386005,0.6070333633904419,0.7347159603246167,0.7056807935076645,0.455965756012343,0.5237150586113616,0.5237150586113615,0.8188435684127476,0.005966374269005847,0.5430873253552754,0.419525892408665,0.5237150586113616,0.4435290188032913,0.5325989076076327,0.2236842105263158,0.5022945590920465,0.39246430658580694,0.7097755429798032,0.4421268140483591,0.64522424144359,0.011363830468666595,0.5208048478451641,0.9779527481527813,0.3124495051328536,0.35548133357080053,0.31002190944912705,0.1943014839660275,0.21193984197340612,0.19107450424545566,0.17989010567922076,0.02559489625646978,0.025791834438084325,0.024698579801663047,0.02629427452966196
away_league_ITA-Serie A,0.5233543733092876,0.6692808491228013,0.6066726780883679,0.7347159603246167,0.7053201082055908,0.4556581022115149,0.5233543733092876,0.5233543733092876,0.8184483114957516,0.005966374269005847,0.5425596208697873,0.4192699773580343,0.5233543733092876,0.4432571328410244,0.5323252384238892,0.2236842105263158,0.5018004831238979,0.39218377542537924,0.70910810345147,0.4418154181534525,0.6448990486274383,0.011363830468666595,0.5202884471800329,0.9779621451812652,0.31247605401617606,0.35545937549246476,0.3100267156726244,0.194303668593921,0.21194463573064531,0.1910746107587304,0.17989175929238727,0.02545209849827936,0.02528888745621604,0.024833941772749522,0.026233466265872522
home_chance_creation_crossing_Normal,0.5235347159603246,0.669411756096728,0.6068530207394048,0.7347159603246167,0.7055004508566276,0.45588256910264846,0.5235347159603246,0.5235347159603246,0.8184483114957516,0.005966374269005847,0.543233021543188,0.41945171864047304,0.5235347159603246,0.44342705221330336,0.5324508739746212,0.2236842105263158,0.5022200714204821,0.3924030911866387,0.7094271763275424,0.44200990907141924,0.6449951627731392,0.011363830468666595,0.5208502803181103,0.9779619468769024,0.31250106434382274,0.3554415003042848,0.31001938222879477,0.1943037309861307,0.21194514887173535,0.19107338572727484,0.1798926583593819,0.02533808979489232,0.025315483592598352,0.024456064922126215,0.026242720869952395
home_defence_team_width_Wide,0.5224526600541027,0.6687224211122865,0.606311992786294,0.7347159603246167,0.7038773669972949,0.4548406022909681,0.5224526600541027,0.5224526600541027,0.8172656530039525,0.005966374269005847,0.5412897795999461,0.41837820579160984,0.5224526600541027,0.44247882558405693,0.5320623061763506,0.2236842105263158,0.49938810067216305,0.3914199396074635,0.7074699485422727,0.44108307299008487,0.6443560734011607,0.011363830468666595,0.5185399149525631,0.9779927927572689,0.3130735589547316,0.35571139195657975,0.30920784184595757,0.1943098602928089,0.2119596344512745,0.19108100202590889,0.1798889444012434,0.025715431221746493,0.02629591069130751,0.025111475342911433,0.025738907631020536
away_players,0.5224526600541027,0.6687513670021733,0.6064923354373308,0.7345356176735798,0.7038773669972949,0.45493900423182065,0.5224526600541027,0.5224526600541027,0.8168719522165508,0.005308479532163743,0.5426365809467474,0.4161557368396994,0.5224526600541027,0.4406710368776185,0.5322075727708515,0.21666666666666665,0.49959297108157996,0.3912813831255774,0.7074699485422727,0.4409595382149584,0.6443489777020937,0.01014851596758012,0.5193466557070586,0.9779927927772153,0.3133966340371025,0.35572451884822953,0.3088716398918834,0.19431190401554915,0.21197520160067235,0.19108330838575513,0.1798772020602199,0.025690321159438662,0.026032546982418737,0.02562152756874848,0.025416888927148766
away_chance_creation_crossing_Normal,0.5219116321009919,0.6683536049422668,0.60595130748422,0.7347159603246167,0.703155996393147,0.4545474435066296,0.5219116321009919,0.5219116321009919,0.8155980345220127,0.005966374269005847,0.5420779217288703,0.41800812897316053,0.5219116321009919,0.4421006890364508,0.5317892835232546,0.2236842105263158,0.49855089286991133,0.39118771324937895,0.7064621721744377,0.44074956841939283,0.6436505481974729,0.011363830468666595,0.5185487610819977,0.9780569417157423,0.3133584158676676,0.3560387505973294,0.3086597752507453,0.1943197272484653,0.21195764505608827,0.19111007802704677,0.1798914586622608,0.02519104495994351,0.025641874120061792,0.02419697156561552,0.025734289194153222
glicko2_rd_away_before,0.5220919747520288,0.6684189771205507,0.605770964833183,0.7348963029756538,0.703516681695221,0.45460192283993983,0.5220919747520288,0.5220919747520288,0.8163869922264103,0.005308479532163743,0.5421102967612452,0.41862503752698305,0.5220919747520288,0.4425771265931024,0.531637864980065,0.225,0.4992372476008839,0.3909684377935358,0.7067833228778733,0.4405867881170119,0.6437766260731864,0.010195099818511796,0.5189335874889094,0.9781051667126948,0.3133799956848555,0.35628353621668707,0.30844163481115217,0.1943271201824305,0.21195473207950685,0.19115114542671527,0.17987548304106943,0.026055413154792838,0.02664270345884199,0.025691488304672515,0.025832047700864023
home_starting_xi_average_age,0.5224526600541028,0.6686424133717003,0.605770964833183,0.7348963029756538,0.7042380522993688,0.4547810925321576,0.5224526600541028,0.5224526600541028,0.8177126434319879,0.005308479532163743,0.541322154632321,0.4188790771870912,0.5224526600541028,0.4428442516130346,0.5316591416186597,0.225,0.499978089942614,0.3911130423855095,0.7074931295381989,0.440806050487678,0.6441976667590421,0.010195099818511796,0.5189463605789748,0.9781254900528291,0.3132788089695042,0.3563131683599831,0.3085335127233418,0.19433530348927025,0.21197813060737566,0.19114031291658046,0.1798874669438546,0.025860903176261267,0.026279436791453538,0.025705777438818588,0.02559749529851168
home_whole_team_average_age,0.5231740306582507,0.6691325420914707,0.6061316501352569,0.7352569882777278,0.7049594229035167,0.45577662435228294,0.5231740306582507,0.5231740306582507,0.8177126434319879,0.006002923976608187,0.5436143056482527,0.43226588547891076,0.5231740306582507,0.453430855131301,0.5318336821086472,0.2633333333333333,0.5016306409947517,0.39232307413534645,0.7087686313654273,0.44178969599862405,0.6443377405288114,0.011588441338941834,0.5210430405382861,0.9782027358396697,0.3131239299378968,0.35645997841685767,0.3086188274849151,0.19434538648643035,0.2119481696446388,0.1911801136047057,0.17990787620994664,0.0275953840455223,0.027203520823443694,0.02826563311700906,0.02731699819611414
away_chance_creation_passing_Risky,0.5238954012623986,0.6697044673427754,0.6072137060414788,0.7348963029756538,0.7056807935076645,0.4563477112179754,0.5238954012623986,0.5238954012623986,0.8184475477744899,0.00533625730994152,0.545259328569495,0.4145485963810224,0.5238954012623986,0.4391783038400253,0.5326929536821682,0.20833333333333331,0.5026195021275658,0.39256824414259534,0.7101119755440359,0.4421836779285636,0.6452042614050447,0.01024914089347079,0.5222513301292705,0.978000657383167,0.31263478245667997,0.35634606946417857,0.3090198054623086,0.19430756551858688,0.21188553189902204,0.1912373999252344,0.17979976473150422,0.02699171868194975,0.026445560960805435,0.02758954747371173,0.02694004761133208
away_chance_creation_passing_Safe,0.5244364292155094,0.6701806109696793,0.6082957619477007,0.7348963029756538,0.7056807935076647,0.45661361599025263,0.5244364292155094,0.5244364292155094,0.8204693413521316,0.004678362573099415,0.5446931440455269,0.4135842259604428,0.5244364292155094,0.4385084056038996,0.5334528125104362,0.20476190476190476,0.5025379606089874,0.3924489634148648,0.7111059259846542,0.44227228574550886,0.6463811095142352,0.009038449069571419,0.5219273316607878,0.9781091820269351,0.31238810629588576,0.35669355967832705,0.3090275160527223,0.1943134103297,0.21184766912689817,0.19129932149075218,0.17979324037144956,0.026458244726834147,0.02673406308502326,0.025753321357525276,0.026887349737953915
away_chance_creation_shooting_Normal,0.5247971145175834,0.6705678029012564,0.6091974752028856,0.7347159603246167,0.7056807935076647,0.4571979966314273,0.5247971145175834,0.5247971145175834,0.8196819397773284,0.006011695906432748,0.5459003542105207,0.4233286447347842,0.5247971145175834,0.44692089764855936,0.534137792384767,0.2333333333333333,0.5025148084862522,0.3936290057863324,0.7117810317150408,0.4433158424788733,0.6466625310252325,0.011623697588853609,0.5226007887449111,0.9782075782828707,0.3126482503044375,0.3569305723583684,0.30862875562006475,0.1943231766011187,0.21182958106805785,0.19132720169251727,0.17981274704278105,0.026081793788051717,0.025848978572614832,0.026332429825075852,0.026063972966464455
away_chance_creation_crossing_Lots,0.5249774571686203,0.6707492838738056,0.6099188458070335,0.7334535617673581,0.7065825067628494,0.45760257914899827,0.5249774571686203,0.5249774571686203,0.8187970544814084,0.008039473684210527,0.5459712092813758,0.41233186614452205,0.5249774571686203,0.43853768127347026,0.5347659022776696,0.19771241830065361,0.5045172778552429,0.39525532508745215,0.7120356236153351,0.44460522113719947,0.6468103741061425,0.015408523122523665,0.5235470780336903,0.9783423805949154,0.312639398575335,0.3570241342510531,0.3086788477685271,0.19433534342671027,0.21187090022392624,0.19142360633812716,0.1797115237180774,0.02729466293088951,0.028145858472479014,0.026594965221728002,0.027143165098461507
away_defence_aggression_Double,0.5244364292155095,0.6705323523170128,0.6102795311091073,0.7334535617673581,0.7051397655545537,0.45722849006412336,0.5244364292155095,0.5244364292155095,0.8175898110206438,0.009364035087719297,0.544731624084007,0.413657617335233,0.5244364292155095,0.43968953138467504,0.5350660399075344,0.204066985645933,0.5018398264522315,0.3953611745394987,0.7110516422521062,0.4446650784021512,0.6466665859627494,0.017861208724478113,0.5215557289312687,0.9783292006622843,0.31286654720755813,0.3571184212732805,0.30834423218144574,0.19433218507623162,0.21181658553294586,0.1914257122393555,0.17975425745639348,0.026180679199959738,0.026699468259179366,0.025987329715749484,0.02585523962495037
home_players,0.5242560865644725,0.6703380245731091,0.6097385031559963,0.7329125338142471,0.7058611361587015,0.4567866180385044,0.5242560865644725,0.5242560865644725,0.8183930838648925,0.00733625730994152,0.5446305129406794,0.40302402496313927,0.5242560865644725,0.43111478588404734,0.5345969332171503,0.17136363636363636,0.5031115053086311,0.3942213271815502,0.7107015670164201,0.44374927847492807,0.6465697094054306,0.013979096587792238,0.5221151755514277,0.9783906554093276,0.31300258572996537,0.3564679487723252,0.3089201209070371,0.19434394107079145,0.21179594364467924,0.19141035194234543,0.17982552762534965,0.02546137654673274,0.026520707037530945,0.025328604841024182,0.02453481776164309
away_build_up_speed_Fast,0.5238954012623985,0.6701388183084379,0.6095581605049595,0.7325518485121731,0.7056807935076645,0.4561283623860171,0.5238954012623985,0.5238954012623985,0.8196487792472217,0.006714912280701754,0.5420213956301279,0.4008344640647527,0.5238954012623985,0.42917670945667413,0.5343617531426603,0.1655982905982906,0.5025433484533072,0.39345761664096246,0.7100709839173699,0.443159419924714,0.6467919620624827,0.012851758958937929,0.5207291289014668,0.9783728176151205,0.3128147727622424,0.35669626391644665,0.3088617809364316,0.19434948779152209,0.21182886522227914,0.1914027982961767,0.17981679985611038,0.026908970349987692,0.027306316541775157,0.02645150710673786,0.026969087401450053
away_transfer_budget,0.5244364292155095,0.6704708829553429,0.6097385031559964,0.7327321911632101,0.7064021641118124,0.4568031757592513,0.5244364292155095,0.5244364292155095,0.8192535223302256,0.008048245614035087,0.5431077593334931,0.4088149431675343,0.5244364292155095,0.4356941714125118,0.5345479100104986,0.1882591093117409,0.5036378101803634,0.3946533779461786,0.7110758687762916,0.4441665445610227,0.6468000193173565,0.015391884238197984,0.5217682302829811,0.978436990916084,0.3126955264018443,0.35662164843406713,0.30911981608017264,0.194361386613002,0.21180182632384162,0.19141056632862505,0.17987176718653936,0.026682713603833987,0.02684559474031939,0.027033704471672526,0.02616884159951005
home_team_goals_season_to_date_before_match,0.5237150586113616,0.670075397538461,0.6099188458070334,0.7323715058611361,0.7051397655545537,0.45561549973146453,0.5237150586113616,0.5237150586113616,0.8204346246924304,0.007381578947368421,0.539030295554595,0.40359188176919325,0.5237150586113616,0.43143690064189055,0.5347262137037974,0.17504273504273504,0.5010066965610473,0.3931910334631667,0.7097799749622725,0.44304854760768747,0.6472526254307583,0.014102976095901512,0.5182174988628402,0.9784707809271003,0.3121198518263254,0.3570076236629811,0.30934330543779387,0.19436795954174108,0.21181028840285068,0.19142725943082578,0.17986633079154682,0.026199096371321666,0.026776247989896463,0.027023973129294478,0.02479706799477407
home_team_number_of_match_played,0.5246167718665465,0.6706991977272597,0.6100991884580704,0.732912533814247,0.7062218214607755,0.45657312479504386,0.5246167718665465,0.5246167718665464,0.8207777662377561,0.008030701754385965,0.5409109063929896,0.40468305854635445,0.5246167718665465,0.43246959282748226,0.534711251011178,0.17666666666666667,0.5026712579612187,0.39428258200816385,0.7113955598975402,0.4440611478134648,0.6473943834315161,0.015290902553038475,0.520162460039937,0.9786463540243178,0.3107266317910322,0.3577850123669414,0.31013470986634417,0.1943840268512387,0.21182868842873548,0.19147323019900325,0.17985016192597733,0.027322600985217195,0.02859076959403506,0.02542720012428721,0.02794983323732931
home_defence,0.5244364292155095,0.6707379006586816,0.6110009017132552,0.7323715058611361,0.7055004508566276,0.4566830704341675,0.5244364292155095,0.5244364292155095,0.819143448929138,0.00737280701754386,0.5435329553558206,0.40010602955413804,0.5244364292155095,0.4288697366385832,0.5355653673669141,0.16282051282051282,0.5019322084749873,0.3940896192418856,0.7110421882570419,0.4438950234280076,0.6474413972231767,0.014043045615259056,0.5207844148872213,0.978725817155554,0.31123734153150345,0.3578541189292608,0.3096343566947898,0.19439263272990784,0.2117928883186499,0.19151296907693224,0.17987204079414137,0.02779765181176976,0.02863026877647477,0.025835180189533218,0.02892750646930129
trueskill_away_before,0.5253381424706943,0.6714217066529201,0.612082957619477,0.7325518485121731,0.7060414788097387,0.45743410587854516,0.5253381424706943,0.5253381424706943,0.8204208607434961,0.00733625730994152,0.5445451995821979,0.39973526911468327,0.5253381424706943,0.42886612018120696,0.5364141753315232,0.16017316017316016,0.5026184718393665,0.3946695189297137,0.712691979966187,0.444599315576503,0.6484518337522445,0.013943695814527387,0.521613027222369,0.9787980066715527,0.3110594866263495,0.3579881066220826,0.3097504134231207,0.1944099791147276,0.21185427142795965,0.19150214907138474,0.17987351684483846,0.02810327502311701,0.02865935664694679,0.026788821646707556,0.02886164677569668
home_chance_creation_passing_Safe,0.5255184851217314,0.6713272259673904,0.6108205590622182,0.7325518485121731,0.7076645626690713,0.45703619264163226,0.5255184851217314,0.5255184851217314,0.8232296740353101,0.008002923976608187,0.5398759799129782,0.40574922302302835,0.5255184851217314,0.43358977969568446,0.5353080003585957,0.17742643829600352,0.5045132304144857,0.3946279706163399,0.7130657854629193,0.44460843387415705,0.6485079150512312,0.015193028353073432,0.520182968444715,0.9788391252347168,0.309866554999619,0.3578389087906776,0.3111336614444201,0.19442417936737538,0.21187860978673143,0.19149631089120384,0.1798976174241908,0.02770760552478928,0.02806756161906322,0.027254114074944304,0.027801140880360314
away_defence_team_width_Normal,0.5251577998196574,0.6710793971124036,0.6104598737601442,0.7325518485121731,0.7073038773669973,0.4569372795917346,0.5251577998196574,0.5251577998196573,0.8215928675455499,0.008669590643274853,0.5405493805863789,0.40617537471424453,0.5251577998196574,0.4338994094282221,0.5350660512686675,0.17944664031620552,0.5040134325578606,0.3948554214813489,0.71239587394389,0.4446813233320158,0.6478332607632326,0.016445902992767915,0.5202871006880462,0.9789344909982731,0.30972940954754635,0.3582377622696833,0.3109673191810435,0.19444086742346114,0.2118436916789586,0.1915433406010486,0.17993556999037624,0.027834598946144522,0.027880425671381548,0.027237422001429683,0.028385949165622332
away_team_number_of_match_played,0.5244364292155095,0.6704851932829274,0.6093778178539224,0.7321911632100992,0.7073038773669974,0.4565337989269958,0.5244364292155095,0.5244364292155095,0.8196299650488731,0.010030701754385965,0.5399407299777284,0.4090011307453249,0.5244364292155095,0.4358890496378168,0.5343370034132391,0.18846153846153846,0.5042048503611971,0.3952551937717562,0.7111057535549163,0.44477095774542297,0.6466953660283804,0.01894045890212024,0.5201297563847681,0.9791474562598406,0.30995305930222206,0.3578625243711129,0.3113318725865055,0.19447966441992787,0.21188939269606663,0.19156385632317158,0.17998574424054548,0.028072048439349136,0.027512313432081725,0.02782095750395123,0.028882874382014444
home_club_worth,0.5237150586113616,0.6701493884367675,0.6097385031559963,0.7314697926059512,0.7062218214607755,0.4555902804393151,0.5237150586113616,0.5237150586113616,0.8200215585157634,0.00733625730994152,0.5394130254922401,0.3947261373393093,0.5237150586113616,0.4243687845596876,0.5345231862258106,0.14730158730158732,0.5023536384905303,0.39326093641089754,0.7097749582684818,0.44319648702631137,0.6469872665850057,0.013793486098188779,0.519002056549498,0.9791432561314168,0.3097980914344434,0.35839776277872043,0.3109474019182531,0.19450148550408328,0.2119393270880968,0.19158383498061984,0.1799812944435332,0.028557129336492754,0.028230977898291244,0.02932988535752206,0.02811052475366495
away_build_up_dribbling_Normal,0.5237150586113616,0.6702978580854569,0.6111812443642922,0.7316501352569883,0.7045987376014428,0.4552663290046997,0.5237150586113616,0.5237150586113616,0.8210770955632297,0.008660818713450293,0.5360610727374189,0.4007115672493676,0.5237150586113616,0.42933486094345047,0.535648107372639,0.16666666666666669,0.4998199277087971,0.39337472297206894,0.7097480362883051,0.4434265575507276,0.6480998808817738,0.01622908761390404,0.515795200420529,0.9794756882279632,0.30982821434212393,0.3584419744234043,0.3112054994624349,0.19454110998461266,0.21195831265255913,0.1916160455370429,0.18004897176423607,0.029027863047826334,0.02936618107430452,0.0295781169901293,0.02813929107904519
home_build_up_passing_Short,0.5238954012623986,0.6704751110066746,0.611541929666366,0.7312894499549143,0.7049594229035168,0.45582028861910456,0.5238954012623986,0.5238954012623985,0.8190864958383985,0.009994152046783625,0.5383802179721313,0.3993959774403947,0.5238954012623986,0.42837448035755565,0.5361177823414274,0.16166666666666668,0.50040348331309,0.3945067450606086,0.7100875050683586,0.44433869254314784,0.6477839085456075,0.01866273400018415,0.5170735926360341,0.9796615400813931,0.3099865954605564,0.3592026584959617,0.3104722861248749,0.19457403265796325,0.2119706488045796,0.19166836718082864,0.1800830819884815,0.028314376576757127,0.02765769126486663,0.029382550015233842,0.027902888450170922
home_chance_creation_crossing_Lots,0.5237150586113616,0.6702698878997236,0.6108205590622182,0.7320108205590623,0.7045987376014426,0.45577010508276955,0.5237150586113616,0.5237150586113616,0.8182990942635954,0.009957602339181287,0.539053618645532,0.3995193188989492,0.5237150586113616,0.428624521450506,0.5355890023329007,0.1631089217296114,0.49986003263433554,0.3943267096700936,0.709754603996111,0.44410949877650274,0.6471604934379926,0.018599723058321787,0.5172199125139663,0.9797675567545168,0.30970931900274035,0.35963860882847876,0.3104196289232978,0.1945993888703061,0.212001360035912,0.1916926124243301,0.18010419415067608,0.027748336622280278,0.027204397162028104,0.029322039363647374,0.026718573341165352
away_club_worth,0.5242560865644725,0.6706886275989302,0.6115419296663662,0.7320108205590621,0.7049594229035165,0.4560763817078515,0.5242560865644725,0.5242560865644725,0.8198913248122416,0.009957602339181287,0.5383802179721313,0.40151871379181464,0.5242560865644725,0.4303291487216324,0.5361098556905063,0.16786324786324786,0.5005830378216899,0.3945603357958424,0.7107390715490258,0.44445090848635116,0.648007225732165,0.01859537129954761,0.5170784103558147,0.9798540571687934,0.3097505941787571,0.35983064608575627,0.31027281690428,0.19461991843535234,0.21202050868087152,0.19170043907700793,0.1801388075481774,0.029182565796626835,0.028478744823248914,0.031589033795697975,0.02747991877093362
home_build_up_dribbling_Normal,0.5237150586113616,0.670286474870333,0.6110009017132552,0.7318304779080252,0.7045987376014426,0.4556128892192378,0.5237150586113616,0.5237150586113616,0.8190130458953304,0.00929970760233918,0.5385259141600439,0.39793834751461843,0.5237150586113616,0.4273006336214199,0.5356431977303313,0.15793650793650793,0.500235336877016,0.3939615204418676,0.7097183023270413,0.44383166370534166,0.6473925640963484,0.017423848388471212,0.5170681488407831,0.9800259333535399,0.30972706375777237,0.36010128128053387,0.31019758831523364,0.19464825736317176,0.21208520805441392,0.19171511031874666,0.18014445371635465,0.029497256091081097,0.028425081047252408,0.032848047415271156,0.02721863981071973
home_build_up_dribbling_Lots,0.5240757439134355,0.6706104086492921,0.6115419296663662,0.7314697926059512,0.7051397655545537,0.4557953313887568,0.5240757439134355,0.5240757439134355,0.8207269657782643,0.008660818713450293,0.5379982096745558,0.3962185655260112,0.5240757439134355,0.4258332815934439,0.536013237080068,0.15153846153846154,0.5011039979595039,0.39390459276621376,0.710389438443537,0.44391266823577624,0.6482001622383872,0.01623011978441028,0.5172834962758437,0.9802045541715316,0.3096025747715346,0.36034369645390846,0.3102582829460887,0.19467674024365308,0.21207208831901664,0.19174846086876499,0.18020967154317766,0.029197362615692272,0.027342356409048717,0.0318931679921191,0.028356563445909
home_defence_aggression_Press,0.5242560865644725,0.6706974089363118,0.6117222723174031,0.7323715058611361,0.7044183949504058,0.4562348537755714,0.5242560865644725,0.5242560865644725,0.8198395913012021,0.011355263157894738,0.5375097068676172,0.41132176119047764,0.5242560865644725,0.4378464592878803,0.5362183947270687,0.1975,0.5002468888443643,0.3953049005624084,0.7107170055549045,0.4449655899040848,0.6480528627453281,0.021321340071013814,0.5165404988708834,0.9804339138188451,0.30957708874442674,0.360575248872131,0.3102815762022874,0.19471653979390108,0.21207187219542437,0.19181648524165035,0.18026126194462858,0.029048200962941178,0.027255146131671782,0.03239745856061375,0.02749199819653802
away_midfield,0.5238954012623986,0.6704453520299932,0.6115419296663661,0.7320108205590623,0.7042380522993688,0.4560437468914998,0.5238954012623986,0.5238954012623986,0.8186482191098831,0.01069736842105263,0.5387856531435635,0.40766853500515443,0.5238954012623986,0.4348324983214398,0.5362001335501394,0.18679738562091502,0.5000080858444089,0.3949175437777331,0.7100784767620925,0.44456462597947455,0.6476531857449207,0.020110408495570876,0.5169890370927076,0.9806371734197515,0.3096707923958428,0.360674694195088,0.31029168682882063,0.19475233332348046,0.21208628616422107,0.19182896742133074,0.1803417463848897,0.028724929257881587,0.027906660636735452,0.031052058207129262,0.02721606892978005
glicko2_home_before,0.5231740306582507,0.6696882056068839,0.6093778178539224,0.7325518485121731,0.7044183949504057,0.45552142637886217,0.5231740306582507,0.5231740306582507,0.8165651834085128,0.011327485380116959,0.5386716103479565,0.40851143194967354,0.5231740306582507,0.4353646674231311,0.5344905655443746,0.19074074074074074,0.5003029895639054,0.3947247628072096,0.7087565737945125,0.4441302137616054,0.645793667182917,0.021224810285974283,0.5171558109527374,0.9808283157922324,0.3095709176344011,0.3607387342773352,0.3105186638804961,0.19478510463852666,0.21205740874756596,0.19190865201776558,0.1803892531502485,0.02780155071038558,0.02875355683460452,0.027886560274034283,0.026764535022517945
away_whole_team_average_age,0.5247971145175834,0.6709283255859713,0.611361587015329,0.7327321911632101,0.7055004508566276,0.45751736278882554,0.5247971145175834,0.5247971145175834,0.8165564697089929,0.010706140350877195,0.5452894783066066,0.4110811054071356,0.5247971145175834,0.4376118203666543,0.5361307301762208,0.19434343434343432,0.5027691517017517,0.3962776589043247,0.7117042824713085,0.4455811895961744,0.6469393445415106,0.020224708044498274,0.5216689241269653,0.9810802632227216,0.3097184415136448,0.3608800312768878,0.31048179043218893,0.19482742894989685,0.21207468896477738,0.19192825387610016,0.18047934400881308,0.028878623490421158,0.028904626951127842,0.028013547261055448,0.029717696259080172
away_build_up_passing_Short,0.5231740306582507,0.6697848003180795,0.6099188458070334,0.7325518485121731,0.7038773669972949,0.4557253743429138,0.5231740306582507,0.5231740306582507,0.815824295765049,0.008011695906432748,0.5433401313572597,0.3994810852740343,0.5231740306582507,0.42819694181032536,0.535059327582211,0.16374269005847952,0.49964123818141226,0.3934944436913742,0.708764750230191,0.44314028537644345,0.6459502984629659,0.015234759507205325,0.5192982731039514,0.9813658090034277,0.30949440783905396,0.362006143878539,0.3098652572858346,0.19487211650405084,0.2120656394839393,0.19205947643399476,0.18049123359421845,0.028813919084215434,0.030020818602242816,0.026364647069764446,0.03005629158063903
glicko2_vol_home_before,0.5233543733092877,0.6698612304767697,0.6097385031559963,0.7323715058611361,0.7045987376014426,0.45634705701123923,0.5233543733092877,0.5233543733092876,0.8138803793018429,0.009345029239766081,0.5458157624921086,0.40136183447256146,0.5233543733092877,0.42985870238842355,0.535035708448852,0.16831785345717235,0.5007319415116599,0.39467179167400157,0.7090931669080965,0.44400294325374745,0.6453071820527716,0.01769142470204087,0.5210167682671925,0.9819037712325563,0.309890502513385,0.36181915448288854,0.3101941142362828,0.19499048276189862,0.2122553221080703,0.1920713595712212,0.18064476660640438,0.029629868880035243,0.03209203612579449,0.026702455900340157,0.030095114613971075
glicko2_away_before,0.5240757439134356,0.6704785259712118,0.6111812443642922,0.7321911632100992,0.7047790802524796,0.45711460914914837,0.5240757439134356,0.5240757439134356,0.8142112818359216,0.011355263157894738,0.5457772824536286,0.4088713882150395,0.5240757439134356,0.43591110299442015,0.5360593828116642,0.18935185185185185,0.5012029299816022,0.3961760164801672,0.7103857524423567,0.44536095793528896,0.6461466266357222,0.02131997399518146,0.5210614488095977,0.9821645757923221,0.3099688763821124,0.3620288291974115,0.31016687021279843,0.19503448202124427,0.2122767434102517,0.19213096945111313,0.18069573320236795,0.029137797081198364,0.027755293848699642,0.029317764720739936,0.030340332674155517
avg_away_team_goals_season_to_date_before_match,0.5233543733092876,0.6697828489097726,0.6090171325518485,0.7316501352569883,0.7060414788097384,0.4563022657462116,0.5233543733092876,0.5233543733092877,0.8160645309825283,0.012021929824561402,0.540820336431545,0.40669617597374863,0.5233543733092876,0.43392398149370814,0.5342253868034671,0.182486388384755,0.5033767527330235,0.39595601026887534,0.7091005488035609,0.44496661295854983,0.6454253859765655,0.022439756370790855,0.5200028884592698,0.9824837706447687,0.3098226583025417,0.36185861873437003,0.3108024936078569,0.19507280247991332,0.21225710856563557,0.1922010307234319,0.1807602681506726,0.028641313124917023,0.028357080644125603,0.02874610497651916,0.02882075375410631
home_build_up_passing_Mixed,0.5235347159603247,0.6700342553466555,0.6099188458070334,0.7321911632100992,0.7049594229035167,0.45674871667522343,0.5235347159603247,0.5235347159603245,0.8152649215883855,0.01468859649122807,0.5402926319460569,0.41252753841547596,0.5235347159603247,0.4387647843925859,0.5349425387543034,0.20101449275362318,0.5016255837385012,0.39727336288071474,0.7094492583984735,0.4460622679460494,0.645711311395406,0.027243914647485212,0.5188648625992529,0.9827381084658201,0.30992789996013104,0.3621024955533313,0.31070771295235783,0.1951291465043666,0.21234689375950397,0.19225497083765933,0.18078557491593655,0.028506162559184277,0.027875679378039687,0.028896869376352323,0.028745938923160807
home_transfer_budget,0.5229936880072138,0.6697768320674926,0.6100991884580703,0.7316501352569883,0.7042380522993689,0.45593204162423256,0.5229936880072138,0.5229936880072137,0.8160713066918228,0.013355263157894736,0.53836955502298,0.4076375543017582,0.5229936880072138,0.43481324825002865,0.5350260534864832,0.18757575757575756,0.5003108518430337,0.39605745649708923,0.7084618423742641,0.4451243971866384,0.6460352502602157,0.024805593781381335,0.5173315254496706,0.9829661313917348,0.30999121815636416,0.3620145346546263,0.31096037858074443,0.19517938544373506,0.21241315501844743,0.19225101674062475,0.18087398457213302,0.0287144281102926,0.02844565471027343,0.02913823635509675,0.028559393265507615
home_chance_creation_positioning_Organised,0.5233543733092876,0.6700192945496353,0.6102795311091074,0.7316501352569883,0.7047790802524798,0.45635922612539187,0.5233543733092876,0.5233543733092876,0.8157099740261955,0.013994152046783625,0.5393735523031966,0.4058260593257845,0.5233543733092876,0.43354403762866844,0.5351823393436165,0.181524926686217,0.5007709119475201,0.396667761405898,0.7091475374815974,0.4456864949870424,0.6460690320544019,0.025848609054319634,0.5180856431089726,0.9833835138167804,0.31044095921334014,0.3617936942805141,0.31114886032292605,0.19525518086159888,0.21252244261194414,0.1922581381466618,0.18098496182619062,0.02911520563470275,0.029557022912513803,0.028262147198121257,0.029526446793473205
home_midfield,0.5222723174030658,0.669183766559529,0.6090171325518485,0.7309287646528404,0.7045987376014426,0.45497650516761867,0.5222723174030658,0.5222723174030658,0.8160866292751882,0.01002046783625731,0.5388224183914105,0.3959600297150283,0.5222723174030658,0.42526921680347946,0.5341790273930791,0.15284715284715283,0.5008539089048528,0.3939956474933219,0.7071015020048621,0.44335901273386735,0.6454169481489849,0.01873902340379382,0.5178309709271872,0.9836922097414824,0.309968645905522,0.36198098277948465,0.3117425810564756,0.19531653465195686,0.21264543159094002,0.19223755667635375,0.18106661568857682,0.028496071042545708,0.029774187920925177,0.02583952687646578,0.02987449833024618
home_defence_team_width_Normal,0.521370604147881,0.6684541024700764,0.6075743913435528,0.7314697926059514,0.7036970243462579,0.4542577457690509,0.521370604147881,0.521370604147881,0.8135099198841573,0.01133625730994152,0.5379270601130538,0.40267203294216414,0.521370604147881,0.4304800356844597,0.5330882573071958,0.17582375478927204,0.4991040867300245,0.39380352706154015,0.7054690038681253,0.4429865137014902,0.6438236816039338,0.0211508099008099,0.5164360896798765,0.9841852631479389,0.30996731116354026,0.36198713908451524,0.31223081289988347,0.1953985004955805,0.21266281790397584,0.19230500250493074,0.18122768107783488,0.030413694139604326,0.030752318068842287,0.0289297080952264,0.031559056254744276
home_defence_pressure_High,0.5215509467989179,0.6687242099032344,0.6086564472497745,0.7300270513976556,0.7044183949504058,0.4542244724869514,0.5215509467989179,0.5215509467989179,0.8147171633449218,0.010002923976608187,0.5379533301393238,0.3922484179674123,0.5215509467989179,0.4221934329847038,0.533936916736342,0.1422488755622189,0.5005594616036758,0.3934748184796259,0.7057889653558271,0.44287314296820535,0.6447990518772505,0.01856050161575127,0.517064901945876,0.9845441308636147,0.31004740668722486,0.36237252503640033,0.3121241991399896,0.19548114511360107,0.21284140774990976,0.1923346174810639,0.18126741010982958,0.031331345013988744,0.030815413730357073,0.030453209150126836,0.03272541216148232
home_league_ESP-La Liga,0.521190261496844,0.6685789926017233,0.6090171325518485,0.7296663660955816,0.7036970243462579,0.453932807821563,0.521190261496844,0.521190261496844,0.8143496036560801,0.01265204678362573,0.534796773024983,0.3979622271313918,0.521190261496844,0.4268141613163904,0.5341857275946014,0.16047008547008548,0.4992308683294885,0.394265530446391,0.7051833006895768,0.44350717588426525,0.6448932803844547,0.023134159868853747,0.5147691510858646,0.9848168637636352,0.3094233072709793,0.36263853014134756,0.31275502635130825,0.19554801063966606,0.21298327023778268,0.19237769238442767,0.18128306929678778,0.031647871457022435,0.030543345821734326,0.03247724618928775,0.03192302236004523
away_league_ESP-La Liga,0.5233543733092876,0.6697930938033843,0.6090171325518485,0.7309287646528404,0.7067628494138863,0.4558457613111102,0.5233543733092876,0.5233543733092876,0.818904156266522,0.014662280701754385,0.533970846965054,0.40871861165674817,0.5233543733092876,0.43544383793555763,0.5339537399789969,0.18755555555555553,0.504646539435692,0.39674241161860013,0.7090107163230814,0.4456926331349858,0.6461583837787318,0.02686847459685991,0.517200376480209,0.985422595886303,0.30817793104343033,0.36368831117283434,0.3135563536700383,0.19564044815865375,0.21322441437705403,0.19252248641746145,0.18117444368144578,0.030831531361967833,0.028040799798572973,0.030415775303531494,0.03403801898379904
away_build_up_dribbling_Lots,0.5238954012623986,0.6701602837998148,0.6093778178539225,0.7311091073038773,0.7073038773669973,0.4563420207078724,0.5238954012623986,0.5238954012623986,0.8193065707534435,0.014662280701754385,0.5350572106684192,0.4100691001714865,0.5238954012623986,0.4366096196505892,0.5342374273486167,0.19055555555555553,0.5054143176102872,0.3971610925501085,0.7100102690698603,0.44612938751842135,0.6464886191266047,0.026902662631047947,0.518091995892673,0.9854240515269899,0.30813044513220295,0.3638247841698249,0.313468822224962,0.19564083189594345,0.21322033014805725,0.19252839224887258,0.1811737732909005,0.031063792776476036,0.028266619997967046,0.03156170033849861,0.03336305799296245
home_defence_aggression_Double,0.5222723174030659,0.6693088193085347,0.6095581605049594,0.7298467087466186,0.7051397655545536,0.45525541247811085,0.5222723174030659,0.5222723174030659,0.8148111554510553,0.015320175438596489,0.5356349065446808,0.40313348435995666,0.5222723174030659,0.43111356337917356,0.5345698746455871,0.1728893058161351,0.5019412726181478,0.396542659026828,0.7070321821777237,0.4454291406304157,0.6453026094782696,0.02779656797368187,0.5165287996285326,0.9865120843825649,0.30782859356747716,0.3664644002674607,0.3122190905476271,0.19588199280796992,0.21329847459081072,0.19281055731627306,0.18153694651682598,0.03071755903823432,0.027275570098181556,0.032389769863277705,0.032487337153243714
home_chance_creation_shooting_Lots,0.5228133453561767,0.6696147025606543,0.6095581605049595,0.7307484220018035,0.7053201082055905,0.45593678458132203,0.5228133453561767,0.5228133453561767,0.8144174546636537,0.012653508771929825,0.5407393903083825,0.40339733177835535,0.5228133453561767,0.4313060039607531,0.534572600040455,0.17345571095571094,0.5021636843389,0.39586277706121686,0.7080218750881359,0.4448956749288703,0.6451981788051698,0.023170480188664456,0.5192196721898162,0.9869483980594523,0.3080136700769853,0.3672485808222129,0.31168614716025417,0.19597947893061765,0.2133505328848459,0.19294440985072284,0.18164349405628424,0.030445838457757363,0.028490801532739675,0.0315935842692843,0.03125312957124811
away_international_prestige,0.521731289449955,0.6688443841314728,0.6086564472497746,0.7303877366997296,0.7044183949504058,0.4548910729132783,0.521731289449955,0.521731289449955,0.8127174680599399,0.01331140350877193,0.538644347171123,0.4026223232637129,0.521731289449955,0.43061231113654613,0.5339521043582495,0.17339637107078967,0.5005184943620998,0.3952202124050033,0.7060600315753394,0.4442014812008024,0.6442030110233644,0.024188990740984108,0.5172686354506613,0.9875885763553536,0.3075333815690605,0.3679317051950992,0.3121234895911936,0.19609444059133888,0.2134504574093227,0.19318178969541241,0.18165107466928151,0.030442532759882412,0.029344487188581746,0.031687739429101434,0.030295371661964048
home_international_prestige,0.5208295761947701,0.6684983343917013,0.6093778178539224,0.7314697926059512,0.7008115419296663,0.45518502994544063,0.5208295761947701,0.5208295761947701,0.8072056570363179,0.012087231968810914,0.5462622008311929,0.46686101436617317,0.5208295761947701,0.47746619791180284,0.5346724114863501,0.37007541478129713,0.4958352168308721,0.3949791499096117,0.7044540359554361,0.44370349431797373,0.6430639739430507,0.022614541964937115,0.5192589338208471,0.9883807985538965,0.30915657420796666,0.37097483110210516,0.3082493932438245,0.19622683384742168,0.2133654217155923,0.1933529015133413,0.1819621783133314,0.03221534914906836,0.02772497654506547,0.03530996720536179,0.03361110369677784
home_league_FRA-Ligue 1,0.5220919747520287,0.6679904803798091,0.6028854824165916,0.7323715058611361,0.70892696122633,0.453195500024177,0.5220919747520287,0.522091974752029,0.8222662598598367,0.008139863547758284,0.5291803766649361,0.429833988041566,0.5220919747520287,0.4491938940604422,0.5299286805203764,0.25007541478129713,0.5094978688230243,0.39141351138568287,0.7067266772022098,0.44097124606093085,0.643730521680712,0.015559922686350595,0.514950089789986,0.9891431064360692,0.30245391980862457,0.37385352227875507,0.3128356643486896,0.19635540297625684,0.21379186196793315,0.19359255689998073,0.18168179006085666,0.03272576275746903,0.03334639170542299,0.035633981038980064,0.029196915528004026
away_league_FRA-Ligue 1,0.5233543733092876,0.6692140133882871,0.606311992786294,0.7316501352569882,0.7087466185752931,0.45455628330918313,0.5233543733092876,0.5233543733092876,0.8221252051362835,0.008057017543859648,0.5334866272474061,0.39926076636043983,0.5233543733092876,0.4273653309929804,0.5322802131374027,0.1558823529411765,0.5096197330027405,0.392680104468614,0.7089765320992003,0.44235785157383783,0.6454971136653779,0.015309295674990417,0.5172339040654738,0.9895919387203389,0.3028729794135422,0.37414966327395305,0.3125692960328437,0.1964596919237572,0.21400538028564134,0.19364009646925648,0.18173359901637381,0.032071071214652476,0.03164810521663031,0.036345367553435745,0.028219740873891386
home_league_GER-Bundesliga,0.5233543733092876,0.6691915721927568,0.606311992786294,0.7320108205590622,0.7083859332732191,0.45451050103071805,0.5233543733092876,0.5233543733092876,0.8225615438745738,0.00879775828460039,0.5321722009329798,0.46560976963206435,0.5233543733092876,0.47580090526363267,0.5323326149756343,0.3558823529411765,0.5086143409793823,0.3928620781497744,0.708999623856774,0.44248385499508985,0.645677262680749,0.016785310435138017,0.5161236613334361,0.9895858667340992,0.30282356920406145,0.3741268750803125,0.3126354224497254,0.19645978409232215,0.21400237134452377,0.19364769590070913,0.18172928503173352,0.03188178977413042,0.0315266969426892,0.035895422164805096,0.028223250214896974
away_league_GER-Bundesliga,0.5226330027051398,0.6686952640133477,0.605590622182146,0.7316501352569883,0.7080252479711452,0.45378692633532997,0.5226330027051398,0.5226330027051398,0.821772586170176,0.008057017543859648,0.5315311752919541,0.39784937113651925,0.5226330027051398,0.4261329391713815,0.5317702692174534,0.15392156862745096,0.5078562755646534,0.3919410207231252,0.707682380229586,0.44166868181176244,0.6450321739838777,0.015297685992515233,0.5154932021929828,0.9896186480930194,0.30292864421345006,0.3741699184749603,0.31252008540460896,0.19646456085597014,0.2140077004833131,0.1936434372951057,0.18174254478949153,0.0320469032387189,0.03145668544434459,0.03625645292517724,0.028427571346634865
